{
  "name": "whatsapp-multitenant-server",
  "version": "1.0.0",
  "description": "Servidor WhatsApp Multi-Tenant com detecção automática de códigos",
  "main": "backend/server1.js",
  "scripts": {
    "start": "node backend/server1.js",
    "dev": "nodemon backend/server1.js",
    "install-chrome": "node -e \"console.log('Baixando Chromium...'); require('puppeteer');\""
  },
  "dependencies": {
    "whatsapp-web.js": "^1.23.0",
    "express": "^4.18.2",
    "cors": "^2.8.5",
    "qrcode-terminal": "^0.12.0",
    "node-fetch": "^2.6.7",
    "puppeteer": "^21.6.0"
  },
  "devDependencies": {
    "nodemon": "^3.0.1"
  },
  "engines": {
    "node": ">=16.0.0"
  }
}
