{
  "name": "whatsapp-multitenant-server",
  "version": "1.0.0",
  "description": "Servidor WhatsApp Multi-Tenant para sistema de empresas",
  "main": "server-whatsapp-multitenant.js",
  "scripts": {
    "start": "node server-whatsapp-multitenant.js",
    "dev": "nodemon server-whatsapp-multitenant.js",
    "pm2": "pm2 start server-whatsapp-multitenant.js --name whatsapp-multitenant",
    "pm2:stop": "pm2 stop whatsapp-multitenant",
    "pm2:restart": "pm2 restart whatsapp-multitenant",
    "pm2:logs": "pm2 logs whatsapp-multitenant"
  },
  "dependencies": {
    "whatsapp-web.js": "^1.34.1",
    "express": "^4.18.2",
    "cors": "^2.8.5",
    "qrcode-terminal": "^0.12.0",
    "node-fetch": "^3.3.2",
    "express-fileupload": "^1.4.0"
  },
  "devDependencies": {
    "nodemon": "^3.0.1"
  },
  "keywords": [
    "whatsapp",
    "multi-tenant",
    "bot",
    "express",
    "node"
  ],
  "author": "Sistema Multi-Tenant",
  "license": "MIT",
  "engines": {
    "node": ">=18.0.0"
  }
}